5E-CF-7F-01-85-56,5ECF7F018556,5C-CF-7F-01-85-56,5CCF7F018556
5E-CF-7F-01-85-56,5ECF7F018556,5C-CF-7F-01-85-56,5CCF7F018556
5E-CF-7F-C0-56-C4,5ECF7FC056C4,5C-CF-7F-C0-56-C4,5CCF7FC056C4
5E-CF-7F-C0-56-C4,5ECF7FC056C4,5C-CF-7F-C0-56-C4,5CCF7FC056C4
5E-CF-7F-C0-56-C4,5ECF7FC056C4,5C-CF-7F-C0-56-C4,5CCF7FC056C4
5E-CF-7F-C0-70-24,5ECF7FC07024,5C-CF-7F-C0-70-24,5CCF7FC07024
5E-CF-7F-C0-70-24,5ECF7FC07024,5C-CF-7F-C0-70-24,5CCF7FC07024
5E-CF-7F-C0-70-24,5ECF7FC07024,5C-CF-7F-C0-70-24,5CCF7FC07024
5E-CF-7F-C0-56-C4,5ECF7FC056C4,5C-CF-7F-C0-56-C4,5CCF7FC056C4
5E-CF-7F-D0-B8-2F,5ECF7FD0B82F,5C-CF-7F-D0-B8-2F,5CCF7FD0B82F
5E-CF-7F-D0-B8-2F,5ECF7FD0B82F,5C-CF-7F-D0-B8-2F,5CCF7FD0B82F
5E-CF-7F-D0-B8-2F,5ECF7FD0B82F,5C-CF-7F-D0-B8-2F,5CCF7FD0B82F
5E-CF-7F-D0-B8-2F,5ECF7FD0B82F,5C-CF-7F-D0-B8-2F,5CCF7FD0B82F
5E-CF-7F-D0-B8-2F,5ECF7FD0B82F,5C-CF-7F-D0-B8-2F,5CCF7FD0B82F
5E-CF-7F-D0-B8-2F,5ECF7FD0B82F,5C-CF-7F-D0-B8-2F,5CCF7FD0B82F
62-01-94-0B-8C-64,6201940B8C64,60-01-94-0B-8C-64,6001940B8C64
62-01-94-01-2B-DC,620194012BDC,60-01-94-01-2B-DC,600194012BDC
62-01-94-01-28-B3,6201940128B3,60-01-94-01-28-B3,6001940128B3
62-01-94-01-0F-D7,620194010FD7,60-01-94-01-0F-D7,600194010FD7
62-01-94-01-28-B3,6201940128B3,60-01-94-01-28-B3,6001940128B3
5E-CF-7F-DB-D8-CC,5ECF7FDBD8CC,5C-CF-7F-DB-D8-CC,5CCF7FDBD8CC
5E-CF-7F-94-70-B9,5ECF7F9470B9,5C-CF-7F-94-70-B9,5CCF7F9470B9
5E-CF-7F-DB-D8-CC,5ECF7FDBD8CC,5C-CF-7F-DB-D8-CC,5CCF7FDBD8CC
5E-CF-7F-94-70-B9,5ECF7F9470B9,5C-CF-7F-94-70-B9,5CCF7F9470B9
5E-CF-7F-94-68-0F,5ECF7F94680F,5C-CF-7F-94-68-0F,5CCF7F94680F
5E-CF-7F-DB-DD-B2,5ECF7FDBDDB2,5C-CF-7F-DB-DD-B2,5CCF7FDBDDB2
5E-CF-7F-94-6B-7D,5ECF7F946B7D,5C-CF-7F-94-6B-7D,5CCF7F946B7D
5E-CF-7F-94-74-6A,5ECF7F94746A,5C-CF-7F-94-74-6A,5CCF7F94746A
5E-CF-7F-94-66-8C,5ECF7F94668C,5C-CF-7F-94-66-8C,5CCF7F94668C
5E-CF-7F-DB-CF-5E,5ECF7FDBCF5E,5C-CF-7F-DB-CF-5E,5CCF7FDBCF5E
5E-CF-7F-DB-E1-CC,5ECF7FDBE1CC,5C-CF-7F-DB-E1-CC,5CCF7FDBE1CC
5E-CF-7F-DB-E1-CC,5ECF7FDBE1CC,5C-CF-7F-DB-E1-CC,5CCF7FDBE1CC
5E-CF-7F-8F-8C-6F,5ECF7F8F8C6F,5C-CF-7F-8F-8C-6F,5CCF7F8F8C6F
5E-CF-7F-8F-19-07,5ECF7F8F1907,5C-CF-7F-8F-19-07,5CCF7F8F1907
5E-CF-7F-8E-D0-D6,5ECF7F8ED0D6,5C-CF-7F-8E-D0-D6,5CCF7F8ED0D6
5E-CF-7F-8F-1B-3A,5ECF7F8F1B3A,5C-CF-7F-8F-1B-3A,5CCF7F8F1B3A
5E-CF-7F-8E-D5-38,5ECF7F8ED538,5C-CF-7F-8E-D5-38,5CCF7F8ED538
62-01-94-0A-6D-DE,6201940A6DDE,60-01-94-0A-6D-DE,6001940A6DDE
5E-CF-7F-8E-BF-5B,5ECF7F8EBF5B,5C-CF-7F-8E-BF-5B,5CCF7F8EBF5B
5E-CF-7F-8E-CA-CE,5ECF7F8ECACE,5C-CF-7F-8E-CA-CE,5CCF7F8ECACE
62-01-94-0A-75-14,6201940A7514,60-01-94-0A-75-14,6001940A7514
5E-CF-7F-8F-81-39,5ECF7F8F8139,5C-CF-7F-8F-81-39,5CCF7F8F8139
5E-CF-7F-8E-D5-18,5ECF7F8ED518,5C-CF-7F-8E-D5-18,5CCF7F8ED518
5E-CF-7F-8F-7B-79,5ECF7F8F7B79,5C-CF-7F-8F-7B-79,5CCF7F8F7B79
5E-CF-7F-92-F9-5D,5ECF7F92F95D,5C-CF-7F-92-F9-5D,5CCF7F92F95D
62-01-94-0B-34-3D,6201940B343D,60-01-94-0B-34-3D,6001940B343D
5E-CF-7F-8E-A6-70,5ECF7F8EA670,5C-CF-7F-8E-A6-70,5CCF7F8EA670
5E-CF-7F-90-75-B4,5ECF7F9075B4,5C-CF-7F-90-75-B4,5CCF7F9075B4
62-01-94-0A-7A-F0,6201940A7AF0,60-01-94-0A-7A-F0,6001940A7AF0
5E-CF-7F-90-75-64,5ECF7F907564,5C-CF-7F-90-75-64,5CCF7F907564
5E-CF-7F-92-FA-D6,5ECF7F92FAD6,5C-CF-7F-92-FA-D6,5CCF7F92FAD6
5E-CF-7F-8F-7B-75,5ECF7F8F7B75,5C-CF-7F-8F-7B-75,5CCF7F8F7B75
62-01-94-0C-E4-6A,6201940CE46A,60-01-94-0C-E4-6A,6001940CE46A
5E-CF-7F-8F-19-07,5ECF7F8F1907,5C-CF-7F-8F-19-07,5CCF7F8F1907
5E-CF-7F-8F-19-07,5ECF7F8F1907,5C-CF-7F-8F-19-07,5CCF7F8F1907
